<?xml version="1.0" encoding="UTF-8"?>
<!DOCTYPE struts PUBLIC
	"-//Apache Software Foundation//DTD Struts Configuration 2.1//EN"
	"http://struts.apache.org/dtds/struts-2.1.dtd">
<struts>
	<package name="checkcode" extends="struts-default">
		<action name="checkcode" 
		class="com.tarena.tts.abs.action.CheckCodeAction" >
			<result type="stream">
				<param name="inputName">input</param>
				<param name="contentType">image/jpeg</param>
			</result>
		</action>
	</package>
</struts>