﻿<?xml version="1.0" encoding="utf-8"?>
<!DOCTYPE hibernate-mapping PUBLIC "-//Hibernate/Hibernate Mapping DTD 3.0//EN"
"http://hibernate.sourceforge.net/hibernate-mapping-3.0.dtd">
<!-- 
    Mapping file autogenerated by MyEclipse Persistence Tools
-->
<hibernate-mapping>
    <class name="com.tarena.tts.abs.entity.Branch" table="branch" catalog="t_abs">
        <id name="branchId" type="integer">
            <column name="branch_id" />
            <generator class="identity" />
        </id>
        <property name="branchName" type="string">
            <column name="branch_name" length="200" not-null="true" unique="true" />
        </property>
        <property name="provinceId" type="integer">
            <column name="province_id" not-null="true" />
        </property>
        <property name="cityId" type="integer">
            <column name="city_id" not-null="true" />
        </property>
        <property name="branchTelephone1" type="string">
            <column name="branch_telephone1" length="20" />
        </property>
        <property name="branchTelephone2" type="string">
            <column name="branch_telephone2" length="20" />
        </property>
        <property name="branchFax" type="string">
            <column name="branch_fax" length="20" />
        </property>
        <property name="branchAddress" type="string">
            <column name="branch_address" length="200" />
        </property>
        <property name="branchType" type="string">
            <column name="branch_type" length="1" not-null="true" />
        </property>
        <property name="branchState" type="string">
            <column name="branch_state" length="1" not-null="true" />
        </property>
    </class>
</hibernate-mapping>
