﻿<?xml version="1.0" encoding="utf-8"?>
<!DOCTYPE hibernate-mapping PUBLIC "-//Hibernate/Hibernate Mapping DTD 3.0//EN"
"http://hibernate.sourceforge.net/hibernate-mapping-3.0.dtd">
<!-- 
    Mapping file autogenerated by MyEclipse Persistence Tools
-->
<hibernate-mapping>
    <class name="com.tarena.tts.abs.entity.BusinessRecord" table="business_record" catalog="t_abs">
        <id name="busRecId" type="long">
            <column name="bus_rec_id" />
            <generator class="assigned" />
        </id>
        <property name="busRecType" type="string">
            <column name="bus_rec_type" length="10" not-null="true" />
        </property>
        <property name="busRecDate" type="timestamp">
            <column name="bus_rec_date" length="0" not-null="true" />
        </property>
        <property name="busRecMoney" type="double">
            <column name="bus_rec_money" precision="22" scale="0" not-null="true" />
        </property>
        <property name="refUser" type="integer">
            <column name="ref_user" />
        </property>
        <property name="refTicketId" type="long">
            <column name="ref_ticket_id" />
        </property>
        <property name="recState" type="integer">
            <column name="rec_state" not-null="true" />
        </property>
        <property name="terminalType" type="string">
            <column name="terminal_type" length="20" />
        </property>
        <property name="terminalIp" type="string">
            <column name="terminal_ip" length="20" />
        </property>
    </class>
</hibernate-mapping>
