﻿<?xml version="1.0" encoding="utf-8"?>
<!DOCTYPE hibernate-mapping PUBLIC "-//Hibernate/Hibernate Mapping DTD 3.0//EN"
"http://hibernate.sourceforge.net/hibernate-mapping-3.0.dtd">
<!-- 
    Mapping file autogenerated by MyEclipse Persistence Tools
-->
<hibernate-mapping>
    <class name="com.tarena.tts.abs.entity.CabinClass" table="cabin_class" catalog="t_abs">
        <id name="cabinClassId" type="integer">
            <column name="cabin_class_id" />
            <generator class="identity" />
        </id>
        <property name="cabinClassName" type="string">
            <column name="cabin_class_name" length="40" not-null="true" unique="true" />
        </property>
        <property name="cabinClassChar" type="string">
            <column name="cabin_class_char" length="1" not-null="true" unique="true" />
        </property>
        <property name="refundCharge" type="double">
            <column name="refund_charge" precision="22" scale="0" not-null="true" />
        </property>
        <property name="limitCondition" type="string">
            <column name="limit_condition" length="3" not-null="true" />
        </property>
        <property name="cabinDiscount" type="double">
            <column name="cabin_discount" precision="22" scale="0" not-null="true" />
        </property>
        <property name="planeCabinType" type="string">
            <column name="plane_cabin_type" length="1" not-null="true" />
        </property>
        <property name="mileageFactor" type="double">
            <column name="mileage_factor" precision="22" scale="0" not-null="true" />
        </property>
    </class>
</hibernate-mapping>
