﻿<?xml version="1.0" encoding="utf-8"?>
<!DOCTYPE hibernate-mapping PUBLIC "-//Hibernate/Hibernate Mapping DTD 3.0//EN"
"http://hibernate.sourceforge.net/hibernate-mapping-3.0.dtd">
<!-- 
    Mapping file autogenerated by MyEclipse Persistence Tools
-->
<hibernate-mapping>
    <class name="com.tarena.tts.abs.entity.City" table="city" catalog="t_abs">
        <id name="cityId" type="integer">
            <column name="city_id" />
            <generator class="identity" />
        </id>
        <property name="cityName" type="string">
            <column name="city_name" length="20" not-null="true" unique="true" />
        </property>
        <property name="provinceId" type="integer">
            <column name="province_id" not-null="true" />
        </property>
        <property name="citySpellName" type="string">
            <column name="city_spell_name" length="20" not-null="true" />
        </property>
    </class>
</hibernate-mapping>
