﻿<?xml version="1.0" encoding="utf-8"?>
<!DOCTYPE hibernate-mapping PUBLIC "-//Hibernate/Hibernate Mapping DTD 3.0//EN"
"http://hibernate.sourceforge.net/hibernate-mapping-3.0.dtd">
<!-- 
    Mapping file autogenerated by MyEclipse Persistence Tools
-->
<hibernate-mapping>
    <class name="com.tarena.tts.abs.entity.FlightPlan" table="flight_plan" catalog="t_abs">
        <id name="fpId" type="integer">
            <column name="fp_id" />
            <generator class="identity" />
        </id>
        <property name="flightNum" type="string">
            <column name="flight_num" length="10" not-null="true" unique="true" />
        </property>
        <property name="fpStartDate" type="date">
            <column name="fp_start_date" length="0" not-null="true" />
        </property>
        <property name="fpEndDate" type="date">
            <column name="fp_end_date" length="0" not-null="true" />
        </property>
        <property name="routeId" type="integer">
            <column name="route_id" />
        </property>
        <property name="fpDepartureTime" type="string">
            <column name="fp_departure_time" length="10" not-null="true" />
        </property>
        <property name="fpArrivalTime" type="string">
            <column name="fp_arrival_time" length="10" not-null="true" />
        </property>
        <property name="fpScheduler" type="integer">
            <column name="fp_scheduler" not-null="true" />
        </property>
        <property name="fpBasePrice" type="double">
            <column name="fp_base_price" precision="22" scale="0" not-null="true" />
        </property>
    </class>
</hibernate-mapping>
