<?xml version="1.0" encoding="utf-8"?>
<!DOCTYPE hibernate-mapping PUBLIC "-//Hibernate/Hibernate Mapping DTD 3.0//EN"
"http://hibernate.sourceforge.net/hibernate-mapping-3.0.dtd">
<!-- 
    Mapping file autogenerated by MyEclipse Persistence Tools
-->
<hibernate-mapping>
    <class name="com.tarena.tts.abs.entity.Flight" table="flight" catalog="t_abs">
        <id name="flightId" type="string">
            <column name="flight_id" length="20" />
            <generator class="assigned" />
        </id>
        <property name="flightNum" type="string">
            <column name="flight_num" length="10" not-null="true" />
        </property>
        <property name="flDepartureDate" type="timestamp">
            <column name="fl_departure_date" length="0" not-null="true" />
        </property>
        <property name="flArrivalDate" type="timestamp">
            <column name="fl_arrival_date" length="0" not-null="true" />
        </property>
        <property name="routeId" type="integer">
            <column name="route_id" />
        </property>
        <property name="planeId" type="integer">
            <column name="plane_id" />
        </property>
        <property name="fseatsRemain" type="integer">
            <column name="f_seats_remain" not-null="true" />
        </property>
        <property name="bseatsRemain" type="integer">
            <column name="b_seats_remain" not-null="true" />
        </property>
        <property name="eseatsRemain" type="integer">
            <column name="e_seats_remain" not-null="true" />
        </property>
        <property name="currentClasses" type="string">
            <column name="current_classes" length="60" not-null="true" />
        </property>
        <property name="fullPrice" type="double">
            <column name="full_price" precision="22" scale="0" not-null="true" />
        </property>
        <property name="currentDiscount" type="double">
            <column name="current_discount" precision="22" scale="0" not-null="true" />
        </property>
        <property name="currentPrice" type="double">
            <column name="current_price" precision="22" scale="0" not-null="true" />
        </property>
        <property name="tax1Price" type="double">
            <column name="tax1_price" precision="22" scale="0" not-null="true" />
        </property>
        <property name="tax2Price" type="double">
            <column name="tax2_price" precision="22" scale="0" not-null="true" />
        </property>
        <property name="currentOrder" type="integer">
            <column name="current_order" not-null="true" />
        </property>
    </class>
</hibernate-mapping>
