﻿<?xml version="1.0" encoding="utf-8"?>
<!DOCTYPE hibernate-mapping PUBLIC "-//Hibernate/Hibernate Mapping DTD 3.0//EN"
"http://hibernate.sourceforge.net/hibernate-mapping-3.0.dtd">
<!-- 
    Mapping file autogenerated by MyEclipse Persistence Tools
-->
<hibernate-mapping>
    <class name="com.tarena.tts.abs.entity.Information" table="information" catalog="t_abs">
        <id name="infoId" type="integer">
            <column name="info_id" />
            <generator class="identity" />
        </id>
        <property name="infoTitle" type="string">
            <column name="info_title" length="100" not-null="true" />
        </property>
        <property name="infoContent" type="string">
            <column name="info_content" length="65535" />
        </property>
        <property name="infoTime" type="timestamp">
            <column name="info_time" length="0" />
        </property>
        <property name="infoTop" type="string">
            <column name="info_top" length="1" />
        </property>
    </class>
</hibernate-mapping>
