﻿<?xml version="1.0" encoding="utf-8"?>
<!DOCTYPE hibernate-mapping PUBLIC "-//Hibernate/Hibernate Mapping DTD 3.0//EN"
"http://hibernate.sourceforge.net/hibernate-mapping-3.0.dtd">
<!-- 
    Mapping file autogenerated by MyEclipse Persistence Tools
-->
<hibernate-mapping>
    <class name="com.tarena.tts.abs.entity.Membership" table="membership" catalog="t_abs">
        <id name="membId" type="integer">
            <column name="memb_id" />
            <generator class="identity" />
        </id>
        <property name="membCardNum" type="string">
            <column name="memb_card_num" length="20" not-null="true" />
        </property>
        <property name="membPassword" type="string">
            <column name="memb_password" length="32" />
        </property>
        <property name="membLastnameCh" type="string">
            <column name="memb_lastname_ch" length="20" not-null="true" />
        </property>
        <property name="membFirstnameCh" type="string">
            <column name="memb_firstname_ch" length="20" not-null="true" />
        </property>
        <property name="membLastnameSp" type="string">
            <column name="memb_lastname_sp" length="20" not-null="true" />
        </property>
        <property name="membFirstnameSp" type="string">
            <column name="memb_firstname_sp" length="20" not-null="true" />
        </property>
        <property name="membGender" type="string">
            <column name="memb_gender" length="1" />
        </property>
        <property name="membBirthday" type="date">
            <column name="memb_birthday" length="0" />
        </property>
        <property name="membCertifType" type="string">
            <column name="memb_certif_type" length="20" not-null="true" />
        </property>
        <property name="membCertifNum" type="string">
            <column name="memb_certif_num" length="40" not-null="true" />
        </property>
        <property name="membTelephone1" type="string">
            <column name="memb_telephone1" length="20" />
        </property>
        <property name="membTelephone2" type="string">
            <column name="memb_telephone2" length="20" />
        </property>
        <property name="membAddress" type="string">
            <column name="memb_address" length="100" not-null="true" />
        </property>
        <property name="membPostCode" type="string">
            <column name="memb_post_code" length="20" />
        </property>
        <property name="membRegDate" type="date">
            <column name="memb_reg_date" length="0" not-null="true" />
        </property>
        <property name="membEmail" type="string">
            <column name="memb_email" length="100" not-null="true" />
        </property>
        <property name="membRank" type="string">
            <column name="memb_rank" length="10" />
        </property>
        <property name="membAccountStage" type="integer">
            <column name="memb_account_stage" />
        </property>
        <property name="membAccountMileage" type="integer">
            <column name="memb_account_mileage" />
        </property>
        <property name="membAvailableMileage" type="integer">
            <column name="memb_available_mileage" />
        </property>
        <property name="membAvailableStage" type="integer">
            <column name="memb_available_stage" />
        </property>
    </class>
</hibernate-mapping>
