﻿<?xml version="1.0" encoding="utf-8"?>
<!DOCTYPE hibernate-mapping PUBLIC "-//Hibernate/Hibernate Mapping DTD 3.0//EN"
"http://hibernate.sourceforge.net/hibernate-mapping-3.0.dtd">
<!-- 
    Mapping file autogenerated by MyEclipse Persistence Tools
-->
<hibernate-mapping>
    <class name="com.tarena.tts.abs.entity.MileageDetail" table="mileage_detail" catalog="t_abs">
        <id name="mileageId" type="long">
            <column name="mileage_id" />
            <generator class="assigned" />
        </id>
        <property name="membId" type="integer">
            <column name="memb_id" not-null="true" />
        </property>
        <property name="mileageType" type="string">
            <column name="mileage_type" length="20" not-null="true" />
        </property>
        <property name="mileageDescribe" type="string">
            <column name="mileage_describe" length="100" />
        </property>
        <property name="stageDate" type="date">
            <column name="stage_date" length="0" />
        </property>
        <property name="accountMileage" type="integer">
            <column name="account_mileage" not-null="true" />
        </property>
    </class>
</hibernate-mapping>
