﻿<?xml version="1.0" encoding="utf-8"?>
<!DOCTYPE hibernate-mapping PUBLIC "-//Hibernate/Hibernate Mapping DTD 3.0//EN"
"http://hibernate.sourceforge.net/hibernate-mapping-3.0.dtd">
<!-- 
    Mapping file autogenerated by MyEclipse Persistence Tools
-->
<hibernate-mapping>
    <class name="com.tarena.tts.abs.entity.Passenger" table="passenger" catalog="t_abs">
        <id name="psgId" type="integer">
            <column name="psg_id" />
            <generator class="identity" />
        </id>
        <property name="psgName" type="string">
            <column name="psg_name" length="20" not-null="true" />
        </property>
        <property name="psgCertifType" type="string">
            <column name="psg_certif_type" length="20" not-null="true" />
        </property>
        <property name="psgCertifNum" type="string">
            <column name="psg_certif_num" length="40" not-null="true" />
        </property>
        <property name="psgType" type="string">
            <column name="psg_type" length="1" not-null="true" />
        </property>
        <property name="refMembId" type="integer">
            <column name="ref_memb_id" />
        </property>
        <property name="refUserId" type="integer">
            <column name="ref_user_id" />
        </property>
    </class>
</hibernate-mapping>
