<?xml version="1.0" encoding="utf-8"?>
<!DOCTYPE hibernate-mapping PUBLIC "-//Hibernate/Hibernate Mapping DTD 3.0//EN"
"http://hibernate.sourceforge.net/hibernate-mapping-3.0.dtd">
<!-- 
    Mapping file autogenerated by MyEclipse Persistence Tools
-->
<hibernate-mapping>
    <class name="com.tarena.tts.abs.entity.Plane" table="plane" catalog="t_abs">
        <id name="planeId" type="integer">
            <column name="plane_id" />
            <generator class="identity" />
        </id>
        <property name="planeNum" type="string">
            <column name="plane_num" length="10" not-null="true" unique="true" />
        </property>
        <property name="planeModel" type="string">
            <column name="plane_model" length="40" not-null="true" />
        </property>
        <property name="planeManufacturer" type="string">
            <column name="plane_manufacturer" length="40" />
        </property>
        <property name="maxContinueVoyage" type="integer">
            <column name="max_continue_voyage" />
        </property>
        <property name="fcabinSeats" type="integer">
            <column name="f_cabin_seats" not-null="true" />
        </property>
        <property name="ccabinSeats" type="integer">
            <column name="c_cabin_seats" not-null="true" />
        </property>
        <property name="ycabinSeats" type="integer">
            <column name="y_cabin_seats" not-null="true" />
        </property>
        <property name="seatsImgUri" type="string">
            <column name="seats_img_uri" length="200" />
        </property>
    </class>
</hibernate-mapping>
