﻿<?xml version="1.0" encoding="utf-8"?>
<!DOCTYPE hibernate-mapping PUBLIC "-//Hibernate/Hibernate Mapping DTD 3.0//EN"
"http://hibernate.sourceforge.net/hibernate-mapping-3.0.dtd">
<!-- 
    Mapping file autogenerated by MyEclipse Persistence Tools
-->
<hibernate-mapping>
    <class name="com.tarena.tts.abs.entity.Province" table="province" catalog="t_abs">
        <id name="provinceId" type="integer">
            <column name="province_id" />
            <generator class="identity" />
        </id>
        <property name="provinceName" type="string">
            <column name="province_name" length="20" not-null="true" unique="true" />
        </property>
        <property name="provinceSimpleName" type="string">
            <column name="province_simple_name" length="10" not-null="true" unique="true" />
        </property>
        <property name="provinceSpellName" type="string">
            <column name="province_spell_name" length="20" not-null="true" />
        </property>
    </class>
</hibernate-mapping>
