﻿<?xml version="1.0" encoding="utf-8"?>
<!DOCTYPE hibernate-mapping PUBLIC "-//Hibernate/Hibernate Mapping DTD 3.0//EN"
"http://hibernate.sourceforge.net/hibernate-mapping-3.0.dtd">
<!-- 
    Mapping file autogenerated by MyEclipse Persistence Tools
-->
<hibernate-mapping>
    <class name="com.tarena.tts.abs.entity.Route" table="route" catalog="t_abs">
        <id name="routeId" type="integer">
            <column name="route_id" />
            <generator class="identity" />
        </id>
        <property name="fromAirportId" type="integer">
            <column name="from_airport_id" />
        </property>
        <property name="toAirportId" type="integer">
            <column name="to_airport_id" />
        </property>
        <property name="routeDistance" type="integer">
            <column name="route_distance" not-null="true" />
        </property>
        <property name="routeBasePrice" type="double">
            <column name="route_base_price" precision="22" scale="0" not-null="true" />
        </property>
        <property name="returnRouteId" type="integer">
            <column name="return_route_id" />
        </property>
        <property name="flightNumPerWeek" type="integer">
            <column name="flight_num_per_week" />
        </property>
    </class>
</hibernate-mapping>
