<?xml version="1.0" encoding="utf-8"?>
<!DOCTYPE hibernate-mapping PUBLIC "-//Hibernate/Hibernate Mapping DTD 3.0//EN"
"http://hibernate.sourceforge.net/hibernate-mapping-3.0.dtd">
<!-- 
    Mapping file autogenerated by MyEclipse Persistence Tools
-->
<hibernate-mapping>
    <class name="com.tarena.tts.abs.entity.TicketOrder" table="ticket_order" catalog="t_abs">
        <id name="orderId" type="long">
            <column name="order_id" />
            <generator class="assigned" />
        </id>
        <property name="userId" type="integer">
            <column name="user_id" />
        </property>
        <property name="orderMoney" type="double">
            <column name="order_money" precision="22" scale="0" not-null="true" />
        </property>
        <property name="orderDate" type="timestamp">
            <column name="order_date" length="0" not-null="true" />
        </property>
        <property name="orderState" type="string">
            <column name="order_state" length="1" />
        </property>
        <property name="paymentRecord" type="string">
            <column name="payment_record" length="200" />
        </property>
        <property name="flightId" type="string">
            <column name="flight_id" length="20" not-null="true" />
        </property>
        <property name="cabinClass" type="string">
            <column name="cabin_class" />
        </property>
    </class>
</hibernate-mapping>
