<?xml version="1.0" encoding="utf-8"?>
<!DOCTYPE hibernate-mapping PUBLIC "-//Hibernate/Hibernate Mapping DTD 3.0//EN"
"http://hibernate.sourceforge.net/hibernate-mapping-3.0.dtd">
<!-- 
    Mapping file autogenerated by MyEclipse Persistence Tools
-->
<hibernate-mapping>
    <class name="com.tarena.tts.abs.entity.Ticket" table="ticket" catalog="t_abs">
        <id name="ticketId" type="long">
            <column name="ticket_id" />
            <generator class="assigned" />
        </id>
        
        <property name="orderId" type="long">
            <column name="order_id"  />
        </property>
        
        <property name="flightNum" type="string">
            <column name="flight_num" length="10" not-null="true" />
        </property>
        <property name="routeId" type="integer">
            <column name="route_id" not-null="true" />
        </property>
        
        
        <property name="departureDatetime" type="timestamp">
            <column name="departure_datetime" length="0" not-null="true" />
        </property>
        <property name="arrivalDatatime" type="timestamp">
            <column name="arrival_datatime" length="0" not-null="true" />
        </property>
        
        <!--
        <property name="departureTime" type="string">
            <column name="departure_time" length="0" not-null="true" />
        </property>
        <property name="arrivalTime" type="string">
            <column name="arrival_time" length="0" not-null="true" />
        </property>
        -->
        
        <property name="psgId" type="integer">
            <column name="psg_id"  not-null="true" />
        </property>
        <property name="cabinClass" type="string">
            <column name="cabin_class" length="1" not-null="true" />
        </property>
        <property name="ticketDate" type="timestamp">
            <column name="ticket_date" length="0" not-null="true" />
        </property>
        <property name="ticketPrice" type="double">
            <column name="ticket_price" precision="22" scale="0" not-null="true" />
        </property>
        <property name="tax1Price" type="double">
            <column name="tax1_price" precision="22" scale="0" not-null="true" />
        </property>
        <property name="tax2Price" type="double">
            <column name="tax2_price" precision="22" scale="0" not-null="true" />
        </property>
        <property name="totalPrice" type="double">
            <column name="total_price" precision="22" scale="0" not-null="true" />
        </property>
        <property name="seatsOrder" type="integer">
            <column name="seats_order" not-null="true" />
        </property>
        <property name="changeState" type="string">
            <column name="change_state" length="1" />
        </property>
        <property name="refundTicketCharge" type="double">
            <column name="refund_ticket_charge" precision="22" scale="0" />
        </property>
        <property name="restrictions" type="string">
            <column name="restrictions" length="100" />
        </property>
        <property name="agentInfo" type="string">
            <column name="agent_info" length="20" />
        </property>
        <property name="paymentType" type="string">
            <column name="payment_type" length="20" />
        </property>
        <property name="paymentRef" type="string">
            <column name="payment_ref" length="200" />
        </property>
        <property name="businessRecordId" type="long">
            <column name="business_record_id" />
        </property>
        <property name="terminalType" type="string">
            <column name="terminal_type" length="20" />
        </property>
        <property name="terminalIp" type="string">
            <column name="terminal_ip" length="20" />
        </property>
    </class>
</hibernate-mapping>
