<?xml version="1.0" encoding="utf-8"?>
<!DOCTYPE hibernate-mapping PUBLIC "-//Hibernate/Hibernate Mapping DTD 3.0//EN"
"http://hibernate.sourceforge.net/hibernate-mapping-3.0.dtd">
<!-- 
    Mapping file autogenerated by MyEclipse Persistence Tools
-->
<hibernate-mapping>
    <class name="com.tarena.tts.abs.entity.User" table="user" catalog="t_abs">
        <id name="userId" type="integer">
            <column name="user_id" />
            <generator class="identity" />
        </id>
        <property name="userLoginName" type="string">
            <column name="user_login_name" length="20" not-null="true" unique="true" />
        </property>
        <property name="userPassword" type="string">
            <column name="user_password" length="32" />
        </property>
        <property name="userName" type="string">
            <column name="user_name" length="20" not-null="true" />
        </property>
        <property name="userState" type="string">
            <column name="user_state" length="1" not-null="true" />
        </property>
        <property name="userPassengerType" type="string">
            <column name="user_passenger_type" length="1" />
        </property>
        <property name="userTelephone" type="string">
            <column name="user_telephone" length="20" />
        </property>
        <property name="userCertifType" type="string">
            <column name="user_certif_type" length="20" />
        </property>
        <property name="userCertifNum" type="string">
            <column name="user_certif_num" length="40" />
        </property>
        <property name="userEmail" type="string">
            <column name="user_email" length="100" />
        </property>
        <property name="userCreationDate" type="timestamp">
            <column name="user_creation_date" length="0" not-null="true" />
        </property>
        <property name="userLastLoginTime" type="timestamp">
            <column name="user_last_login_time" length="0" not-null="true" />
        </property>
        <property name="userTotalLoginTimes" type="integer">
            <column name="user_total_login_times" not-null="true" />
        </property>
        <property name="userTotalLoginSeconds" type="integer">
            <column name="user_total_login_seconds" not-null="true" />
        </property>
        <property name="refPsgsId" type="string">
            <column name="ref_psgs_id" length="200" />
        </property>
        <property name="refMembId" type="integer">
            <column name="ref_memb_id" />
        </property>
    </class>
</hibernate-mapping>
